,Name,Weight (%),Identifier,Sector,Shares Held,yfinance_ticker
0,APPLE INC,6.988627,AAPL,-,171049062.0,AAPL
1,MICROSOFT CORP,6.555429,MSFT,-,88199591.0,MSFT
2,NVIDIA CORP,5.553783,NVDA,-,291901522.0,NVDA
3,AMAZON.COM INC,3.445049,AMZN,-,108636861.0,AMZN
4,META PLATFORMS INC CLASS A,2.408369,META,-,26018713.0,FB
5,ALPHABET INC CL A,1.944854,GOOGL,-,69740226.0,GOOGL
6,BERKSHIRE HATHAWAY INC CL B,1.827116,BRK.B,-,21494311.0,BRK.B
7,ALPHABET INC CL C,1.630972,GOOG,-,58019009.0,GOOG
8,ELI LILLY + CO,1.58143,LLY,-,9468234.0,LLY
9,JPMORGAN CHASE + CO,1.340257,JPM,-,34094019.0,JPM
10,BROADCOM INC,1.310885,AVGO,-,51716256.0,AVGO
11,TESLA INC,1.283497,TSLA,-,32918172.0,TSLA
12,UNITEDHEALTH GROUP INC,1.206809,UNH,-,10927452.0,UNH
13,EXXON MOBIL CORP,1.11,XOM,-,53259585.0,XOM
14,VISA INC CLASS A SHARES,0.966104,V,-,18690093.0,V
15,PROCTER + GAMBLE CO/THE,0.910383,PG,-,28021519.0,PG
16,JOHNSON + JOHNSON,0.869386,JNJ,-,28584520.0,JNJ
17,MASTERCARD INC   A,0.858698,MA,-,9747457.0,MA
18,COSTCO WHOLESALE CORP,0.852377,COST,-,5254818.0,COST
19,HOME DEPOT INC,0.783853,HD,-,11766278.0,HD
20,ABBVIE INC,0.750123,ABBV,-,20962512.0,ABBV
21,WALMART INC,0.719174,WMT,-,50716062.0,WMT
22,MERCK + CO. INC.,0.656033,MRK,-,30088490.0,MRK
23,NETFLIX INC,0.630236,NFLX,-,5116189.0,NFLX
24,COCA COLA CO/THE,0.605907,KO,-,46031973.0,KO
25,BANK OF AMERICA CORP,0.579311,BAC,-,80778443.0,BAC
26,ADOBE INC,0.554497,ADBE,-,5319149.0,ADBE
27,PEPSICO INC,0.535687,PEP,-,16325709.0,PEP
28,CHEVRON CORP,0.521694,CVX,-,20349087.0,CVX
29,SALESFORCE INC,0.519256,CRM,-,11503038.0,CRM
30,THERMO FISHER SCIENTIFIC INC,0.512581,TMO,-,4531622.0,TMO
31,ORACLE CORP,0.497056,ORCL,-,18943748.0,ORCL
32,LINDE PLC,0.482428,LIN,-,5707237.0,LIN
33,ADVANCED MICRO DEVICES,0.476921,AMD,-,19185616.0,AMD
34,ACCENTURE PLC CL A,0.468638,ACN,-,7452989.0,ACN
35,MCDONALD S CORP,0.458308,MCD,-,8555810.0,MCD
36,ABBOTT LABORATORIES,0.434192,ABT,-,20609975.0,ABT
37,CISCO SYSTEMS INC,0.431407,CSCO,-,48074284.0,CSCO
38,PHILIP MORRIS INTERNATIONAL,0.429118,PM,-,18434389.0,PM
39,WELLS FARGO + CO,0.413567,WFC,-,41392323.0,WFC
40,INTL BUSINESS MACHINES CORP,0.403865,IBM,-,10873500.0,IBM
41,TEXAS INSTRUMENTS INC,0.394019,TXN,-,10785179.0,TXN
42,QUALCOMM INC,0.388505,QCOM,-,13273497.0,QCOM
43,GE AEROSPACE,0.387682,GE,-,12995614.0,GE
44,DANAHER CORP,0.384729,DHR,-,7811142.0,DHR
45,VERIZON COMMUNICATIONS INC,0.3801,VZ,-,49922441.0,VZ
46,INTUIT INC,0.378673,INTU,-,3327142.0,INTU
47,AMGEN INC,0.376994,AMGN,-,6356118.0,AMGN
48,SERVICENOW INC,0.37185,NOW,-,2435903.0,NOW
49,INTUITIVE SURGICAL INC,0.367617,ISRG,-,4211013.0,ISRG
50,NEXTERA ENERGY INC,0.360545,NEE,-,24363800.0,NEE
51,S+P GLOBAL INC,0.359076,SPGI,-,3800483.0,SPGI
52,PFIZER INC,0.354341,PFE,-,67054911.0,PFE
53,CATERPILLAR INC,0.353836,CAT,-,5806286.0,CAT
54,WALT DISNEY CO/THE,0.352175,DIS,-,21644075.0,DIS
55,RTX CORP,0.345509,RTX,-,15766256.0,RTX
56,COMCAST CORP CLASS A,0.340584,CMCSA,-,46471503.0,CMCSA
57,GOLDMAN SACHS GROUP INC,0.339727,GS,-,3828330.0,GS
58,UNION PACIFIC CORP,0.334332,UNP,-,7238494.0,UNP
59,AT+T INC,0.329445,T,-,84908534.0,T
60,APPLIED MATERIALS INC,0.31964,AMAT,-,9885796.0,AMAT
61,PROGRESSIVE CORP,0.319627,PGR,-,6946284.0,PGR
62,UBER TECHNOLOGIES INC,0.319379,UBER,-,24807859.0,UBER
63,LOWE S COS INC,0.306444,LOW,-,6793081.0,LOW
64,AMERICAN EXPRESS CO,0.304659,AXP,-,6746589.0,AXP
65,TJX COMPANIES INC,0.287646,TJX,-,13446004.0,TJX
66,HONEYWELL INTERNATIONAL INC,0.283416,HON,-,7731091.0,HON
67,BOOKING HOLDINGS INC,0.278039,BKNG,-,402723.0,BKNG
68,ELEVANCE HEALTH INC,0.27669,ELV,-,2759524.0,ELV
69,CONOCOPHILLIPS,0.272395,COP,-,13886052.0,COP
70,STRYKER CORP,0.266678,SYK,-,4015663.0,SYK
71,MORGAN STANLEY,0.266014,MS,-,14884699.0,MS
72,LOCKHEED MARTIN CORP,0.265832,LMT,-,2535566.0,LMT
73,VERTEX PHARMACEUTICALS INC,0.264957,VRTX,-,3059828.0,VRTX
74,BLACKROCK INC,0.26478,BLK,-,1660488.0,BLK
75,REGENERON PHARMACEUTICALS,0.262817,REGN,-,1255353.0,REGN
76,MEDTRONIC PLC,0.262748,MDT,-,15797755.0,MDT
77,BOSTON SCIENTIFIC CORP,0.262614,BSX,-,17393799.0,BSX
78,PROLOGIS INC,0.258292,PLD,-,10972085.0,PLD
79,CHUBB LTD,0.256192,CB,-,4816103.0,CB
80,EATON CORP PLC,0.250077,ETN,-,4742872.0,ETN
81,CITIGROUP INC,0.247241,C,-,22613816.0,C
82,MARSH + MCLENNAN COS,0.246669,MMC,-,5851043.0,MMC
83,AUTOMATIC DATA PROCESSING,0.24237,ADP,-,4859491.0,ADP
84,AMERICAN TOWER CORP,0.241889,AMT,-,5535764.0,AMT
85,PALO ALTO NETWORKS INC,0.238373,PANW,-,3836344.0,PANW
86,ANALOG DEVICES INC,0.232784,ADI,-,5888946.0,ADI
87,STARBUCKS CORP,0.22688,SBUX,-,13452629.0,SBUX
88,MONDELEZ INTERNATIONAL INC A,0.2229,MDLZ,-,15996485.0,MDLZ
89,THE CIGNA GROUP,0.220578,CI,-,3372508.0,CI
90,T MOBILE US INC,0.21861,TMUS,-,6121817.0,TMUS
91,FISERV INC,0.218528,FI,-,6946648.0,FI
92,BRISTOL MYERS SQUIBB CO,0.21768,BMY,-,24157716.0,BMY
93,DEERE + CO,0.217011,DE,-,3073881.0,DE
94,GILEAD SCIENCES INC,0.215504,GILD,-,14795801.0,GILD
95,BLACKSTONE INC,0.215265,BX,-,8484773.0,BX
96,NIKE INC  CL B,0.214579,NKE,-,14383255.0,NKE
97,SOUTHERN CO/THE,0.211903,SO,-,12953961.0,SO
98,LAM RESEARCH CORP,0.209708,LRCX,-,1544496.0,LRCX
99,MICRON TECHNOLOGY INC,0.209656,MU,-,13117823.0,MU
100,KLA CORP,0.207878,KLAC,-,1598612.0,KLAC
101,SCHWAB (CHARLES) CORP,0.205719,SCHW,-,17676257.0,SCHW
102,UNITED PARCEL SERVICE CL B,0.20273,UPS,-,8590899.0,UPS
103,ALTRIA GROUP INC,0.202586,MO,-,20393100.0,MO
104,INTERCONTINENTAL EXCHANGE IN,0.201831,ICE,-,6796848.0,ICE
105,BOEING CO/THE,0.198759,BA,-,6815262.0,BA
106,DUKE ENERGY CORP,0.197454,DUK,-,9152379.0,DUK
107,COLGATE PALMOLIVE CO,0.195095,CL,-,9775802.0,CL
108,ZOETIS INC,0.187996,ZTS,-,5369411.0,ZTS
109,SHERWIN WILLIAMS CO/THE,0.184879,SHW,-,2769184.0,SHW
110,INTEL CORP,0.175628,INTC,-,50249180.0,INTC
111,ARISTA NETWORKS INC,0.173599,ANET,-,2985076.0,ANET
112,CME GROUP INC,0.173557,CME,-,4276342.0,CME
113,US DOLLAR,0.172713,-,-,933450294.56,-
114,EQUINIX INC,0.170498,EQIX,-,1126563.0,EQIX
115,TRANE TECHNOLOGIES PLC,0.170078,TT,-,2687203.0,TT
116,KKR + CO INC,0.169952,KKR,-,7902000.0,KKR
117,AON PLC CLASS A,0.166236,AON,-,2581523.0,AON
118,HCA HEALTHCARE INC,0.16519,HCA,-,2301129.0,HCA
119,WASTE MANAGEMENT INC,0.164822,WM,-,4351107.0,WM
120,MOODY S CORP,0.164383,MCO,-,1868650.0,MCO
121,WELLTOWER INC,0.163664,WELL,-,7099100.0,WELL
122,CHIPOTLE MEXICAN GRILL INC,0.161807,CMG,-,16291167.0,CMG
123,PARKER HANNIFIN CORP,0.161274,PH,-,1525669.0,PH
124,CVS HEALTH CORP,0.159762,CVS,-,14951606.0,CVS
125,PAYPAL HOLDINGS INC,0.158295,PYPL,-,12418753.0,PYPL
126,NORTHROP GRUMMAN CORP,0.157436,NOC,-,1652203.0,NOC
127,MOTOROLA SOLUTIONS INC,0.157401,MSI,-,1971487.0,MSI
128,TRANSDIGM GROUP INC,0.157319,TDG,-,656986.0,TDG
129,AMPHENOL CORP CL A,0.156963,APH,-,14174262.0,APH
130,3M CO,0.156221,MMM,-,6565464.0,MMM
131,SYNOPSYS INC,0.155048,SNPS,-,1806102.0,SNPS
132,PNC FINANCIAL SERVICES GROUP,0.154639,PNC,-,4729889.0,PNC
133,TARGET CORP,0.153393,TGT,-,5480145.0,TGT
134,US BANCORP,0.152201,USB,-,18489340.0,USB
135,EOG RESOURCES INC,0.151942,EOG,-,6823360.0,EOG
136,CINTAS CORP,0.148422,CTAS,-,1025922.0,CTAS
137,CADENCE DESIGN SYS INC,0.147936,CDNS,-,3230221.0,CDNS
138,BECTON DICKINSON AND CO,0.147486,BDX,-,3439970.0,BDX
139,ILLINOIS TOOL WORKS,0.145553,ITW,-,3229319.0,ITW
140,O REILLY AUTOMOTIVE INC,0.14547,ORLY,-,702493.0,ORLY
141,GENERAL DYNAMICS CORP,0.14546,GD,-,2685155.0,GD
142,MCKESSON CORP,0.143958,MCK,-,1543216.0,MCK
143,CSX CORP,0.143307,CSX,-,23210097.0,CSX
144,FEDEX CORP,0.140065,FDX,-,2687636.0,FDX
145,ARTHUR J GALLAGHER + CO,0.139302,AJG,-,2559148.0,AJG
146,ECOLAB INC,0.136631,ECL,-,3013427.0,ECL
147,AIR PRODUCTS + CHEMICALS INC,0.131314,APD,-,2641150.0,APD
148,MARATHON PETROLEUM CORP,0.128481,MPC,-,4183112.0,MPC
149,ROPER TECHNOLOGIES INC,0.127951,ROP,-,1262473.0,ROP
150,CARRIER GLOBAL CORP,0.127905,CARR,-,9949393.0,CARR
151,NEWMONT CORP,0.127632,NEM,-,13702892.0,NEM
152,NXP SEMICONDUCTORS NV,0.12734,NXPI,-,3035863.0,NXPI
153,SCHLUMBERGER LTD,0.127091,SLB,-,16909960.0,SLB
154,FREEPORT MCMORAN INC,0.126064,FCX,-,17033263.0,FCX
155,CROWDSTRIKE HOLDINGS INC   A,0.124857,CRWD,-,2738780.0,CRWD
156,NORFOLK SOUTHERN CORP,0.124209,NSC,-,2685108.0,NSC
157,AFLAC INC,0.123692,AFL,-,6139315.0,AFL
158,EMERSON ELECTRIC CO,0.122993,EMR,-,6769854.0,EMR
159,TRUIST FINANCIAL CORP,0.122977,TFC,-,15802331.0,TFC
160,DR HORTON INC,0.122127,DHI,-,3546016.0,DHI
161,PUBLIC STORAGE,0.120289,PSA,-,1880973.0,PSA
162,MARRIOTT INTERNATIONAL  CL A,0.119947,MAR,-,2848302.0,MAR
163,CONSTELLATION ENERGY,0.119878,CEG,-,3742695.0,CEG
164,REALTY INCOME CORP,0.119363,O,-,10338412.0,O
165,PHILLIPS 66,0.119331,PSX,-,5033121.0,PSX
166,GE VERNOVA INC,0.118604,GEV,-,3232053.0,GEV
167,WILLIAMS COS INC,0.118406,WMB,-,14458730.0,WMB
168,GENERAL MOTORS CO,0.118153,GM,-,13546352.0,GM
169,AMERICAN ELECTRIC POWER,0.117919,AEP,-,6245101.0,AEP
170,TRAVELERS COS INC/THE,0.117685,TRV,-,2712804.0,TRV
171,AUTODESK INC,0.117585,ADSK,-,2538265.0,ADSK
172,AUTOZONE INC,0.11748,AZO,-,205311.0,AZO
173,ONEOK INC,0.116713,OKE,-,6927227.0,OKE
174,SIMON PROPERTY GROUP INC,0.116431,SPG,-,3873619.0,SPG
175,CAPITAL ONE FINANCIAL CORP,0.116338,COF,-,4523500.0,COF
176,HILTON WORLDWIDE HOLDINGS IN,0.115492,HLT,-,2929115.0,HLT
177,SEMPRA,0.113598,SRE,-,7478129.0,SRE
178,ROSS STORES INC,0.111733,ROST,-,4011659.0,ROST
179,AIRBNB INC CLASS A,0.110837,ABNB,-,5241822.0,ABNB
180,CROWN CASTLE INC,0.110764,CCI,-,5155374.0,CCI
181,BANK OF NEW YORK MELLON CORP,0.109099,BK,-,8878796.0,BK
182,KIMBERLY CLARK CORP,0.109072,KMB,-,4012612.0,KMB
183,PACCAR INC,0.107184,PCAR,-,6212271.0,PCAR
184,ALLSTATE CORP,0.106679,ALL,-,3110496.0,ALL
185,FORTINET INC,0.10522,FTNT,-,7566718.0,FTNT
186,DIGITAL REALTY TRUST INC,0.105171,DLR,-,3834923.0,DLR
187,DOMINION ENERGY INC,0.105019,D,-,9938587.0,D
188,AMERICAN INTERNATIONAL GROUP,0.104841,AIG,-,7879724.0,AIG
189,UNITED RENTALS INC,0.10046,URI,-,797167.0,URI
190,FIDELITY NATIONAL INFO SERV,0.099418,FIS,-,6604231.0,FIS
191,JOHNSON CONTROLS INTERNATION,0.09884,JCI,-,7874325.0,JCI
192,IQVIA HOLDINGS INC,0.097849,IQV,-,2175660.0,IQV
193,LENNAR CORP A,0.097406,LEN,-,2934161.0,LEN
194,MSCI INC,0.097352,MSCI,-,939812.0,MSCI
195,METLIFE INC,0.097205,MET,-,7091804.0,MET
196,TE CONNECTIVITY LTD,0.096459,TEL,-,3635985.0,TEL
197,VALERO ENERGY CORP,0.096394,VLO,-,3882368.0,VLO
198,KENVUE INC,0.096181,KVUE,-,22739570.0,KVUE
199,AMERIPRISE FINANCIAL INC,0.094708,AMP,-,1189914.0,AMP
200,HUMANA INC,0.094708,HUM,-,1430345.0,HUM
201,COPART INC,0.094644,CPRT,-,10342056.0,CPRT
202,L3HARRIS TECHNOLOGIES INC,0.094621,LHX,-,2250541.0,LHX
203,FAIR ISAAC CORP,0.094199,FICO,-,293605.0,FICO
204,P G + E CORP,0.094187,PCG,-,25351047.0,PCG
205,GENERAL MILLS INC,0.09369,GIS,-,6746079.0,GIS
206,WW GRAINGER INC,0.09198,GWW,-,524426.0,GWW
207,PAYCHEX INC,0.091421,PAYX,-,3818975.0,PAYX
208,REPUBLIC SERVICES INC,0.091129,RSG,-,2428347.0,RSG
209,FORD MOTOR CO,0.090754,F,-,46360232.0,F
210,ARCH CAPITAL GROUP LTD,0.090057,ACGL,-,4406765.0,ACGL
211,PRUDENTIAL FINANCIAL INC,0.089804,PRU,-,4285751.0,PRU
212,KINDER MORGAN INC,0.089778,KMI,-,22963425.0,KMI
213,EDWARDS LIFESCIENCES CORP,0.088999,EW,-,7199615.0,EW
214,CONSTELLATION BRANDS INC A,0.08825,STZ,-,1915425.0,STZ
215,AGILENT TECHNOLOGIES INC,0.088203,A,-,3474515.0,A
216,MICROCHIP TECHNOLOGY INC,0.088067,MCHP,-,6424235.0,MCHP
217,CUMMINS INC,0.087782,CMI,-,1618051.0,CMI
218,PUBLIC SERVICE ENTERPRISE GP,0.086851,PEG,-,5916319.0,PEG
219,IDEXX LABORATORIES INC,0.086302,IDXX,-,987474.0,IDXX
220,SYSCO CORP,0.085965,SYY,-,5912570.0,SYY
221,CENCORA INC,0.085873,COR,-,1975204.0,COR
222,CORTEVA INC,0.085638,CTVA,-,8365173.0,CTVA
223,VERISK ANALYTICS INC,0.085157,VRSK,-,1694193.0,VRSK
224,MONOLITHIC POWER SYSTEMS INC,0.084866,MPWR,-,568851.0,MPWR
225,KEURIG DR PEPPER INC,0.084402,KDP,-,12375503.0,KDP
226,EXELON CORP,0.083625,EXC,-,11831468.0,EXC
227,COGNIZANT TECH SOLUTIONS A,0.083352,CTSH,-,5939953.0,CTSH
228,CENTENE CORP,0.083127,CNC,-,6342986.0,CNC
229,AMETEK INC,0.082935,AME,-,2739152.0,AME
230,GARTNER INC,0.082822,IT,-,925454.0,IT
231,FASTENAL CO,0.082787,FAST,-,6790623.0,FAST
232,YUM  BRANDS INC,0.082586,YUM,-,3334193.0,YUM
233,OTIS WORLDWIDE CORP,0.08176,OTIS,-,4833019.0,OTIS
234,ROYAL CARIBBEAN CRUISES LTD,0.081231,RCL,-,2804365.0,RCL
235,EXTRA SPACE STORAGE INC,0.080661,EXR,-,2511503.0,EXR
236,GE HEALTHCARE TECHNOLOGY,0.079282,GEHC,-,5035728.0,GEHC
237,QUANTA SERVICES INC,0.079271,PWR,-,1728100.0,PWR
238,RESMED INC,0.079037,RMD,-,1744464.0,RMD
239,EQUIFAX INC,0.078797,EFX,-,1458068.0,EFX
240,HOWMET AEROSPACE INC,0.078644,HWM,-,4648338.0,HWM
241,CONSOLIDATED EDISON INC,0.078432,ED,-,4104369.0,ED
242,DOW INC,0.078101,DOW,-,8328902.0,DOW
243,ELECTRONIC ARTS INC,0.077278,EA,-,2900219.0,EA
244,INGERSOLL RAND INC,0.077267,IR,-,4808876.0,IR
245,HESS CORP,0.076639,HES,-,3279538.0,HES
246,VICI PROPERTIES INC,0.076098,VICI,-,12288101.0,VICI
247,XCEL ENERGY INC,0.075902,XEL,-,6520821.0,XEL
248,MONSTER BEVERAGE CORP,0.075805,MNST,-,8421354.0,MNST
249,OCCIDENTAL PETROLEUM CORP,0.075483,OXY,-,7840888.0,OXY
250,HARTFORD FINANCIAL SVCS GRP,0.075428,HIG,-,3560666.0,HIG
251,KROGER CO,0.075142,KR,-,7769533.0,KR
252,BAKER HUGHES CO,0.07488,BKR,-,11924002.0,BKR
253,CBRE GROUP INC   A,0.074283,CBRE,-,3535648.0,CBRE
254,NUCOR CORP,0.073096,NUE,-,2846427.0,NUE
255,EDISON INTERNATIONAL,0.072917,EIX,-,4548062.0,EIX
256,DUPONT DE NEMOURS INC,0.072688,DD,-,4963998.0,DD
257,OLD DOMINION FREIGHT LINE,0.072663,ODFL,-,2124874.0,ODFL
258,TARGA RESOURCES CORP,0.07188,TRGP,-,2647277.0,TRGP
259,CHARTER COMMUNICATIONS INC A,0.071053,CHTR,-,1172814.0,CHTR
260,DISCOVER FINANCIAL SERVICES,0.070822,DFS,-,2974560.0,DFS
261,DIAMONDBACK ENERGY INC,0.070746,FANG,-,2127384.0,FANG
262,IRON MOUNTAIN INC,0.070239,IRM,-,3467452.0,IRM
263,COSTAR GROUP INC,0.069397,CSGP,-,4842699.0,CSGP
264,AVALONBAY COMMUNITIES INC,0.068958,AVB,-,1666786.0,AVB
265,MARTIN MARIETTA MATERIALS,0.068299,MLM,-,734618.0,MLM
266,CORNING INC,0.068293,GLW,-,9082114.0,GLW
267,VULCAN MATERIALS CO,0.067757,VMC,-,1578657.0,VMC
268,XYLEM INC,0.066641,XYL,-,2842471.0,XYL
269,WILLIS TOWERS WATSON PLC,0.06603,WTW,-,1225980.0,WTW
270,EBAY INC,0.065803,EBAY,-,6007476.0,EBAY
271,NASDAQ INC,0.065327,NDAQ,-,4907163.0,NDAQ
272,METTLER TOLEDO INTERNATIONAL,0.065274,MTD,-,256630.0,MTD
273,WEC ENERGY GROUP INC,0.064959,WEC,-,3748835.0,WEC
274,ARCHER DANIELS MIDLAND CO,0.064591,ADM,-,5870064.0,ADM
275,ROCKWELL AUTOMATION INC,0.064487,ROK,-,1363149.0,ROK
276,HP INC,0.064486,HPQ,-,10305189.0,HPQ
277,PPG INDUSTRIES INC,0.064409,PPG,-,2789784.0,PPG
278,TRACTOR SUPPLY COMPANY,0.06427,TSCO,-,1283708.0,TSCO
279,LULULEMON ATHLETICA INC,0.064212,LULU,-,1367175.0,LULU
280,ON SEMICONDUCTOR,0.064099,ON,-,5100560.0,ON
281,BIOGEN INC,0.063901,BIIB,-,1719833.0,BIIB
282,NVR INC,0.063437,NVR,-,37807.0,NVR
283,HERSHEY CO/THE,0.063148,HSY,-,1708162.0,HSY
284,KRAFT HEINZ CO/THE,0.062659,KHC,-,9448969.0,KHC
285,CDW CORP/DE,0.062548,CDW,-,1592986.0,CDW
286,AMERICAN WATER WORKS CO INC,0.061318,AWK,-,2302356.0,AWK
287,FIFTH THIRD BANCORP,0.061005,FITB,-,8103049.0,FITB
288,WABTEC CORP,0.060796,WAB,-,2042526.0,WAB
289,M + T BANK CORP,0.060754,MTB,-,1971992.0,MTB
290,GARMIN LTD,0.060691,GRMN,-,1820568.0,GRMN
291,PULTEGROUP INC,0.060671,PHM,-,2518487.0,PHM
292,GLOBAL PAYMENTS INC,0.060524,GPN,-,3030186.0,GPN
293,CARDINAL HEALTH INC,0.060059,CAH,-,2904139.0,CAH
294,DEXCOM INC,0.05994,DXCM,-,4721682.0,DXCM
295,DELTA AIR LINES INC,0.05948,DAL,-,7648592.0,DAL
296,DEVON ENERGY CORP,0.058272,DVN,-,7618339.0,DVN
297,ANSYS INC,0.058228,ANSS,-,1031667.0,ANSS
298,INTL FLAVORS + FRAGRANCES,0.057862,IFF,-,3035846.0,IFF
299,ENTERGY CORP,0.056727,ETR,-,2515090.0,ETR
300,CHURCH + DWIGHT CO INC,0.056603,CHD,-,2908508.0,CHD
301,SBA COMMUNICATIONS CORP,0.056533,SBAC,-,1281037.0,SBAC
302,HALLIBURTON CO,0.056199,HAL,-,10623922.0,HAL
303,EQUITY RESIDENTIAL,0.055921,EQR,-,4065536.0,EQR
304,DTE ENERGY COMPANY,0.055869,DTE,-,2451110.0,DTE
305,VENTAS INC,0.0555,VTR,-,4771798.0,VTR
306,STATE STREET CORP,0.055265,STT,-,3586128.0,STT
307,AXON ENTERPRISE INC,0.055002,AXON,-,838272.0,AXON
308,KEYSIGHT TECHNOLOGIES IN,0.054935,KEYS,-,2074650.0,KEYS
309,FORTIVE CORP,0.054639,FTV,-,4178647.0,FTV
310,TAKE TWO INTERACTIVE SOFTWRE,0.054457,TTWO,-,1879320.0,TTWO
311,DOVER CORP,0.05394,DOV,-,1662242.0,DOV
312,BROWN + BROWN INC,0.05391,BRO,-,2803197.0,BRO
313,BROADRIDGE FINANCIAL SOLUTIO,0.053712,BR,-,1398401.0,BR
314,TYLER TECHNOLOGIES INC,0.053347,TYL,-,496114.0,TYL
315,MODERNA INC,0.053071,MRNA,-,3935127.0,MRNA
316,VISTRA CORP,0.052881,VST,-,3877957.0,VST
317,VERALTO CORP,0.05243,VLTO,-,2606382.0,VLTO
318,LYONDELLBASELL INDU CL A,0.052272,LYB,-,3021820.0,LYB
319,STERIS PLC,0.052101,STE,-,1174165.0,STE
320,NETAPP INC,0.051972,NTAP,-,2460050.0,NTAP
321,EVERSOURCE ENERGY,0.051816,ES,-,4154974.0,ES
322,PPL CORP,0.051801,PPL,-,8729764.0,PPL
323,FIRSTENERGY CORP,0.050209,FE,-,6140806.0,FE
324,T ROWE PRICE GROUP INC,0.049913,TROW,-,2652801.0,TROW
325,SMURFIT WESTROCK PLC,0.049463,SW,-,5977855.0,SW
326,HEWLETT PACKARD ENTERPRISE,0.049429,HPE,-,15239477.0,HPE
327,FIRST SOLAR INC,0.049078,FSLR,-,1271264.0,FSLR
328,CBOE GLOBAL MARKETS INC,0.048963,CBOE,-,1253267.0,CBOE
329,WEYERHAEUSER CO,0.048722,WY,-,8676359.0,WY
330,DECKERS OUTDOOR CORP,0.048512,DECK,-,304885.0,DECK
331,WEST PHARMACEUTICAL SERVICES,0.048295,WST,-,878142.0,WST
332,ZIMMER BIOMET HOLDINGS INC,0.048182,ZBH,-,2484548.0,ZBH
333,RAYMOND JAMES FINANCIAL INC,0.047665,RJF,-,2236206.0,RJF
334,AMEREN CORPORATION,0.047431,AEE,-,3082592.0,AEE
335,CORPAY INC,0.04678,CPAY,-,834507.0,CPAY
336,CINCINNATI FINANCIAL CORP,0.046748,CINF,-,1866121.0,CINF
337,KELLANOVA,0.046486,K,-,3137009.0,K
338,GODADDY INC   CLASS A,0.046451,GDDY,-,1673660.0,GDDY
339,COOPER COS INC/THE,0.046393,COO,-,2352367.0,COO
340,LEIDOS HOLDINGS INC,0.045777,LDOS,-,1618634.0,LDOS
341,MCCORMICK + CO NON VTG SHRS,0.045754,MKC,-,2983646.0,MKC
342,BUILDERS FIRSTSOURCE INC,0.045658,BLDR,-,1464399.0,BLDR
343,INVITATION HOMES INC,0.045511,INVH,-,6842098.0,INVH
344,REGIONS FINANCIAL CORP,0.045281,RF,-,11038594.0,RF
345,HUNTINGTON BANCSHARES INC,0.045123,HBAN,-,17042140.0,HBAN
346,CLOROX COMPANY,0.044927,CLX,-,1473828.0,CLX
347,ESTEE LAUDER COMPANIES CL A,0.04473,EL,-,2762875.0,EL
348,BALL CORP,0.044349,BALL,-,3727659.0,BALL
349,CMS ENERGY CORP,0.043726,CMS,-,3474835.0,CMS
350,HUBBELL INC,0.043691,HUBB,-,636604.0,HUBB
351,TELEDYNE TECHNOLOGIES INC,0.043629,TDY,-,559065.0,TDY
352,BAXTER INTERNATIONAL INC,0.043391,BAX,-,6019271.0,BAX
353,PTC INC,0.043124,PTC,-,1414596.0,PTC
354,OMNICOM GROUP,0.04293,OMC,-,2349831.0,OMC
355,WESTERN DIGITAL CORP,0.042835,WDC,-,3809568.0,WDC
356,WATERS CORP,0.042776,WAT,-,703046.0,WAT
357,SUPER MICRO COMPUTER INC,0.042769,SMCI,-,598125.0,SMCI
358,ATMOS ENERGY CORP,0.042764,ATO,-,1767018.0,ATO
359,SYNCHRONY FINANCIAL,0.04266,SYF,-,4863102.0,SYF
360,ESSEX PROPERTY TRUST INC,0.042107,ESS,-,763131.0,ESS
361,HOLOGIC INC,0.042081,HOLX,-,2788198.0,HOLX
362,EQT CORP,0.042068,EQT,-,7026080.0,EQT
363,MOLINA HEALTHCARE INC,0.041874,MOH,-,691071.0,MOH
364,BEST BUY CO INC,0.041815,BBY,-,2294392.0,BBY
365,LABCORP HOLDINGS INC,0.041756,LH,-,1007893.0,LH
366,CITIZENS FINANCIAL GROUP,0.041642,CFG,-,5531059.0,CFG
367,DARDEN RESTAURANTS INC,0.041612,DRI,-,1428569.0,DRI
368,SEAGATE TECHNOLOGY HOLDINGS,0.041606,STX,-,2294990.0,STX
369,GENUINE PARTS CO,0.041414,GPC,-,1666623.0,GPC
370,TYSON FOODS INC CL A,0.041361,TSN,-,3393693.0,TSN
371,APTIV PLC,0.040929,APTV,-,3229765.0,APTV
372,TERADYNE INC,0.040834,TER,-,1817135.0,TER
373,MID AMERICA APARTMENT COMM,0.040656,MAA,-,1377374.0,MAA
374,ALEXANDRIA REAL ESTATE EQUIT,0.039875,ARE,-,1853224.0,ARE
375,DOLLAR GENERAL CORP,0.039829,DG,-,2606723.0,DG
376,PACKAGING CORP OF AMERICA,0.039736,PKG,-,1064171.0,PKG
377,ULTA BEAUTY INC,0.039508,ULTA,-,580889.0,ULTA
378,NORTHERN TRUST CORP,0.03947,NTRS,-,2461617.0,NTRS
379,WR BERKLEY CORP,0.039424,WRB,-,3630469.0,WRB
380,JACOBS SOLUTIONS INC,0.03933,J,-,1497899.0,J
381,SOUTHWEST AIRLINES CO,0.038862,LUV,-,7071965.0,LUV
382,AVERY DENNISON CORP,0.038492,AVY,-,959091.0,AVY
383,CENTERPOINT ENERGY INC,0.037907,CNP,-,7510086.0,CNP
384,COTERRA ENERGY INC,0.037866,CTRA,-,8929032.0,CTRA
385,EXPEDITORS INTL WASH INC,0.03755,EXPD,-,1677235.0,EXPD
386,QUEST DIAGNOSTICS INC,0.037472,DGX,-,1324292.0,DGX
387,PRINCIPAL FINANCIAL GROUP,0.037339,PFG,-,2602939.0,PFG
388,MASCO CORP,0.037302,MAS,-,2610770.0,MAS
389,EXPEDIA GROUP INC,0.036878,EXPE,-,1506962.0,EXPE
390,TEXTRON INC,0.036872,TXT,-,2325029.0,TXT
391,EVEREST GROUP LTD,0.036361,EG,-,512583.0,EG
392,ZEBRA TECHNOLOGIES CORP CL A,0.036161,ZBRA,-,609272.0,ZBRA
393,STEEL DYNAMICS INC,0.036022,STLD,-,1753936.0,STLD
394,INTERNATIONAL PAPER CO,0.035849,IP,-,4112759.0,IP
395,VERISIGN INC,0.035453,VRSN,-,1053719.0,VRSN
396,FACTSET RESEARCH SYSTEMS INC,0.035398,FDS,-,451184.0,FDS
397,WARNER BROS DISCOVERY INC,0.035211,WBD,-,26357946.0,WBD
398,AMCOR PLC,0.035183,AMCR,-,17161673.0,AMCR
399,NRG ENERGY INC,0.035043,NRG,-,2475437.0,NRG
400,CARNIVAL CORP,0.034658,CCL,-,11953715.0,CCL
401,SKYWORKS SOLUTIONS INC,0.034657,SWKS,-,1896011.0,SWKS
402,ALIGN TECHNOLOGY INC,0.034644,ALGN,-,846664.0,ALGN
403,CONAGRA BRANDS INC,0.034219,CAG,-,5648742.0,CAG
404,HEALTHPEAK PROPERTIES INC,0.034182,DOC,-,8401138.0,DOC
405,KIMCO REALTY CORP,0.033668,KIM,-,7915009.0,KIM
406,UNITED AIRLINES HOLDINGS INC,0.033138,UAL,-,3892625.0,UAL
407,MARATHON OIL CORP,0.033111,MRO,-,6697393.0,MRO
408,INSULET CORP,0.033,PODD,-,830516.0,PODD
409,STANLEY BLACK + DECKER INC,0.03287,SWK,-,1828070.0,SWK
410,NISOURCE INC,0.032696,NI,-,5322635.0,NI
411,ENPHASE ENERGY INC,0.032584,ENPH,-,1620838.0,ENPH
412,ALLIANT ENERGY CORP,0.032467,LNT,-,2995437.0,LNT
413,KEYCORP,0.032339,KEY,-,11132425.0,KEY
414,IDEX CORP,0.032271,IEX,-,893777.0,IEX
415,LAS VEGAS SANDS CORP,0.032223,LVS,-,4386726.0,LVS
416,AKAMAI TECHNOLOGIES INC,0.032009,AKAM,-,1791955.0,AKAM
417,LOEWS CORP,0.031931,L,-,2173752.0,L
418,CF INDUSTRIES HOLDINGS INC,0.031539,CF,-,2169758.0,CF
419,SNAP ON INC,0.031517,SNA,-,628923.0,SNA
420,GEN DIGITAL INC,0.031419,GEN,-,6690681.0,GEN
421,BUNGE GLOBAL SA,0.031393,BG,-,1723556.0,BG
422,DOMINO S PIZZA INC,0.031312,DPZ,-,414277.0,DPZ
423,REVVITY INC,0.031291,RVTY,-,1465339.0,RVTY
424,PENTAIR PLC,0.030701,PNR,-,1949323.0,PNR
425,UNIVERSAL HEALTH SERVICES B,0.030683,UHS,-,723687.0,UHS
426,ROLLINS INC,0.030582,ROL,-,3333059.0,ROL
427,DOLLAR TREE INC,0.030417,DLTR,-,2472062.0,DLTR
428,EVERGY INC,0.030259,EVRG,-,2736587.0,EVRG
429,HUNT (JB) TRANSPRT SVCS INC,0.030071,JBHT,-,968720.0,JBHT
430,VIATRIS INC,0.029749,VTRS,-,14266403.0,VTRS
431,TRIMBLE INC,0.029595,TRMB,-,2953873.0,TRMB
432,UDR INC,0.029388,UDR,-,3605685.0,UDR
433,POOL CORP,0.029013,POOL,-,459340.0,POOL
434,NORDSON CORP,0.028932,NDSN,-,640152.0,NDSN
435,LIVE NATION ENTERTAINMENT IN,0.028924,LYV,-,1684899.0,LYV
436,CAMDEN PROPERTY TRUST,0.028704,CPT,-,1269837.0,CPT
437,CARMAX INC,0.027639,KMX,-,1881805.0,KMX
438,JACK HENRY + ASSOCIATES INC,0.027213,JKHY,-,866994.0,JKHY
439,JM SMUCKER CO/THE,0.027104,SJM,-,1218002.0,SJM
440,JUNIPER NETWORKS INC,0.026918,JNPR,-,3788651.0,JNPR
441,JABIL INC,0.026773,JBL,-,1432108.0,JBL
442,REGENCY CENTERS CORP,0.026285,REG,-,1956223.0,REG
443,CELANESE CORP,0.026284,CE,-,1183388.0,CE
444,INTERPUBLIC GROUP OF COS INC,0.02621,IPG,-,4556261.0,IPG
445,ALLEGION PLC,0.02596,ALLE,-,1043143.0,ALLE
446,F5 INC,0.025957,FFIV,-,705205.0,FFIV
447,HOST HOTELS + RESORTS INC,0.025928,HST,-,8376042.0,HST
448,C.H. ROBINSON WORLDWIDE INC,0.025832,CHRW,-,1385033.0,CHRW
449,EPAM SYSTEMS INC,0.02579,EPAM,-,680518.0,EPAM
450,EASTMAN CHEMICAL CO,0.025344,EMN,-,1409641.0,EMN
451,TELEFLEX INC,0.025314,TFX,-,559496.0,TFX
452,BIO TECHNE CORP,0.024803,TECH,-,1875125.0,TECH
453,AES CORP,0.023917,AES,-,7984034.0,AES
454,CATALENT INC,0.023841,CTLT,-,2147182.0,CTLT
455,LKQ CORP,0.023545,LKQ,-,3182959.0,LKQ
456,HUNTINGTON INGALLS INDUSTRIE,0.023521,HII,-,472203.0,HII
457,BXP INC,0.023083,BXP,-,1673237.0,BXP
458,MOLSON COORS BEVERAGE CO   B,0.022762,TAP,-,2205862.0,TAP
459,CAMPBELL SOUP CO,0.02248,CPB,-,2341438.0,CPB
460,QORVO INC,0.022372,QRVO,-,1158697.0,QRVO
461,NEWS CORP   CLASS A,0.022281,NWSA,-,4532220.0,NWSA
462,ASSURANT INC,0.02225,AIZ,-,624444.0,AIZ
463,PINNACLE WEST CAPITAL,0.021677,PNW,-,1334207.0,PNW
464,FOX CORP   CLASS A,0.021599,FOXA,-,2895983.0,FOXA
465,MATCH GROUP INC,0.021376,MTCH,-,3225209.0,MTCH
466,MARKETAXESS HOLDINGS INC,0.021207,MKTX,-,446228.0,MKTX
467,CHARLES RIVER LABORATORIES,0.021102,CRL,-,606770.0,CRL
468,SMITH (A.O.) CORP,0.020747,AOS,-,1457938.0,AOS
469,HORMEL FOODS CORP,0.020698,HRL,-,3434663.0,HRL
470,TAPESTRY INC,0.020322,TPR,-,2721331.0,TPR
471,SOLVENTUM CORP,0.020105,SOLV,-,1641366.0,SOLV
472,APA CORP,0.019968,APA,-,4275770.0,APA
473,LAMB WESTON HOLDINGS INC,0.019896,LW,-,1706269.0,LW
474,ALBEMARLE CORP,0.019852,ALB,-,1395246.0,ALB
475,INCYTE CORP,0.019775,INCY,-,1744671.0,INCY
476,HENRY SCHEIN INC,0.019775,HSIC,-,1553195.0,HSIC
477,MGM RESORTS INTERNATIONAL,0.0193,MGM,-,2979443.0,MGM
478,GLOBE LIFE INC,0.019285,GL,-,1016486.0,GL
479,GENERAC HOLDINGS INC,0.018841,GNRC,-,729365.0,GNRC
480,HASBRO INC,0.018649,HAS,-,1515628.0,HAS
481,FEDERAL REALTY INVS TRUST,0.018617,FRT,-,871514.0,FRT
482,MOSAIC CO/THE,0.018358,MOS,-,3878803.0,MOS
483,DAYFORCE INC,0.018349,DAY,-,1820592.0,DAY
484,BROWN FORMAN CORP CLASS B,0.017939,BF.B,-,2147838.0,BF.B
485,DAVITA INC,0.017761,DVA,-,640031.0,DVA
486,CAESARS ENTERTAINMENT INC,0.017224,CZR,-,2524853.0,CZR
487,MOHAWK INDUSTRIES INC,0.016693,MHK,-,609939.0,MHK
488,FMC CORP,0.016659,FMC,-,1493616.0,FMC
489,PAYCOM SOFTWARE INC,0.016592,PAYC,-,578887.0,PAYC
490,BORGWARNER INC,0.016559,BWA,-,2771640.0,BWA
491,WYNN RESORTS LTD,0.016171,WYNN,-,1139179.0,WYNN
492,INVESCO LTD,0.015602,IVZ,-,5357405.0,IVZ
493,AMERICAN AIRLINES GROUP INC,0.015508,AAL,-,7760841.0,AAL
494,NORWEGIAN CRUISE LINE HOLDIN,0.015464,NCLH,-,4930776.0,NCLH
495,BIO RAD LABORATORIES A,0.015131,BIO,-,247991.0,BIO
496,RALPH LAUREN CORP,0.015083,RL,-,471612.0,RL
497,BATH + BODY WORKS INC,0.014309,BBWI,-,2704903.0,BBWI
498,ETSY INC,0.013979,ETSY,-,1420438.0,ETSY
499,WALGREENS BOOTS ALLIANCE INC,0.013864,WBA,-,8543628.0,WBA
500,FRANKLIN RESOURCES INC,0.011867,BEN,-,3352709.0,BEN
501,FOX CORP   CLASS B,0.010847,FOX,-,1569193.0,FOX
502,PARAMOUNT GLOBAL CLASS B,0.010721,PARA,-,5742827.0,PARA
503,NEWS CORP  CLASS B,0.00703,NWS,-,1374184.0,NWS
504,POUND STERLING,0.0,-,-,397.0,-
